{
    "RColor": 0.5892857313156128,
    "GColor": 0.15357142686843873,
    "BColor": 0.8392857313156128
}